user_name,tweet
iPhone15Ultra,iPhone 15 Ultra's posts ; Black iPhones >>> · 1K. 7K ; iPhone 16 Ultra will have 4 cameras · 2. 33 ; Titanium in iPhone 15 Pro Max costs about $30 · 1. 28 ; iPhone ...
tim_cook,"Meet iPhone 15 Pro & Pro Max! Powered by A17 Pro, which ushers in a new era of Apple Silicon, these products unlock new performance ..."
MKBHD,"I promise to drop my iPhone 15 Pro review (and a bunch more) this week, after some extended battery and camera testing."
MKBHD,"iPhone 15 Pro starts at $999 iPhone 15 Pro Max is the only one with the new 5x telephoto, and starts at 256GB: $1199."
iupdate,The iPhone 15 Pro in natural titanium is the best color and it's not even close.
zollotech,"Tested iPhone 15 Pro Max on iOS 17.0.2 recording in 4K 60 Pro Res Log to an external drive, plugged in charging with a 60W MacBook charger ..."
VadimYuryev,First impressions of the iPhone 15 Pro Max: 1. The curved edge is SO much nicer to hold than we expected! 2. The difference in weight is ...
MKBHD,"NEW VIDEO - The iPhone 15 Pro Review! I love a good analogy, and this is the Porsche 911 of smartphones. Hear me out: Full video review: ..."
ijustine,And here's the iPhone 15 Pro! All new titanium with the A17 Pro. No more silent switch — it's a customizable action button.
theapplehub,"The iPhone 15 Pro starts at the same $999 price, however, the iPhone 15 Pro Max will start at a higher $1,199 price with 256GB base storage ..."
markgurman,The iPhone 15 Pro Max in all colors and most storage capacities models has already slipped into October for deliveries.
ScottKelby,"Misleading iPhone Stat: On Apple's iPhone 15 Pro tech spec page it lists ""6x Optical Zoom Range."" The 15 Pro does NOT have a 6x optical zoom ..."
markgurman,"Apple iPhone 15 Pro and iPhone 15 Pro Max deliveries are quickly slipping into October in the US and China, suggesting strong initial ..."
zollotech,iPhone 15 Pro Max experience so far. - Battery life is the same as my 14 pro max (terrible). Safari is using 25% of the battery for some ...
techradar,Why the Apple iPhone 15 Pro Max won our Phone of the Year Award https://t.co/IF3mfUeHoq.
iupdate,"The iPhone 15 Pro Action Button UI is the most beautiful thing I've ever seen. Image. The Verge · 10:25 PM · Sep 14, 2023."
tomwarren,Apple's iPhone 15 Pro has an A17 Pro chip that enables hardware-based ray tracing for games. It sounds like a big boost to mobile gaming https ...
munster_gene,"The iPhone 15 Pro is the same price ($999). They dropped the 128GB storage Pro Max version, and now the Pro Max starts with 256GB of storage ..."
MKBHD,New iPhone 15 Pro camera system - Larger main 48mp sensor - New coating to reduce flares (I hope this works) - New 5x telephoto camera at ...
theapplehub,"@theapplehub. The iPhone 15 and iPhone 15 Pro models are officially now available! Did you buy one? Image. 2:34 PM · Sep 22, 2023. ·. 1.1M."
ijustine,"Here they are, the new #iPhone15 lineup! Pink, Yellow, Green, Blue, and Black! Twice as bright as iPhone 14 6.1in & 6.7in Plus Color ..."
ijustine,"Hands on with the new iPhone 15 Pros! #AppleEvent #iPhone15. Embedded video. 0:52. 2:15 PM · Sep 13, 2023."
HowToiSolve,"Here's the video on how to Restart an iPhone without a home button in five different ways, like Using Touch Button, Using Voice Control, Using Reset Network ..."
ijustine,"Thanks for making the new pink #iPhone15 · @tim_cook. #AppleEvent. Image. 7:07 PM · Sep 12, 2023 · 967. Reposts · 256. Quotes."
ijustine,"Wow with new #iPhone15 Pro we'll be able to record 3d spatial videos! #AppleEvent. Embedded video. 0:10. 6:20 PM · Sep 12, 2023."
Canalys,"3/3: The launch of the #iPhone15 series met robust global demand, driven by sustained consumer appetite for premium smartphones and #Apple's ..."
ijustine,"Going down the magical stairs to #AppleEvent #iPhone15. Embedded video. 0:07. 4:55 PM · Sep 12, 2023 · 411. Reposts."
iupdate,"This is so stupid #iPhone15. Image. 4:52 AM · Sep 15, 2023 · 128. Reposts · 36. Quotes · 3,962. Likes. 90. Bookmarks. 90."
ijustine,"Mad rush to the #iPhone15 Pros! Titanium #AppleEvent. Embedded video. 0:21. 7:01 PM · Sep 12, 2023 · 272. Reposts."
ijustine,"We are OUT HERE!!!!! #appleevent #iPhone15. Embedded video. 0:08. 4:52 PM · Sep 12, 2023. ·. 101.3K. Views."
DXOMARK,"#iPhone15Plus and #iPhone15 share many of the same specs, including the same A16 Bionic processor. We tested the iPhone 15 Plus display, and ..."
SuperSaf,"#iPhone15 and #iPhone15Plus start at the same price! #AppleEvent. Image. 5:53 PM · Sep 12, 2023 from Cupertino, CA."
tradertvshawn,not a bad #iphone15 release: anyone upgrading? ‍♂️ Apple ($AAPL) unveils iPhone 15 Pro series with key upgrades. Notable changes ...
SuperSaf,"It's OFFICIAL! #iPhone15 has USB-C!!! #AppleEvent. Image. 5:50 PM · Sep 12, 2023 · 104. Reposts · 15. Quotes · 1,230. Likes. 2. Bookmarks."
zollotech,Here is iPhone 15 Pro and iPhone 15 colors in a full overview with what is expected and more. #AppleEvent #iPhone15Pro #iPhone15 # ...
WIRED,The rollout of the #iPhone15 shows that Apple is opting for a different approach. The company appears focused on AI that is intuitive not ...
DesignNews,"Before You Buy Apple's #iPhone15, Read This. According to global feedback so far, there are already major concerns about the smartphones' ..."
jennaezarik,"Ohhhhh the blue titanium iPhone 15 Pro is ‍   #iphone15. Embedded video. 0:17. 10:31 PM · Sep 22, 2023."
belkin,#BeReady for #iPhone15 and explore our latest solutions for your new device. The iPhone 15 collection is available now at the in our bio.
roobinam,Can't beat the energy of an iPhone launch! More so when you've got hundreds of Apple enthusiasts giving you company. #Apple #iPhone15 # ...
Hanstsaiz,Render spotlight: The iPhone 15 Pro will likely have a USB-C port. Read about all the rumors here. Render by @Hanstsaiz #Apple #iPhone15Pro ...
BenGeskin,"Slightly curved glass? #iPhone15Pro #AppleEvent. Image. 6:47 PM · Sep 12, 2023. ·. 484.1K. Views. 441. Reposts."
igeeksblog,"Tomorrow, Apple will launch the #iPhone15Pro & #iPhone15ProMax Here's what you can expect: - 6.1” and 6.7” displays - 120Hz ProMotion ..."
mysmartprice,#iPhone15Pro long term review: ✓ Outstanding display ✓ Raw power on tap ✓ Amazing camera output ❌ Average battery life. @RobinJ07.
lindayaX,Introducing iPhone 15 Pro and iPhone 15 Pro Max. Featuring a whole new level of performance with the A17 Pro chip.
appleinsider,"At its ""Wonderlust"" event, Apple has rolled out the iPhone 15 Pro with a faster processor, a lighter titanium frame, better cameras, ..."
igeeksblog,"Apple introduces the iPhone 15 Pro #iPhone15Pro #AppleEvent. Embedded video. 0:24. 5:59 PM · Sep 12, 2023."
rodemics,#iPhone15Pro vs #SonyFX30 video quality is closer than you might expect. Do you think an additional camera is still worth the investment?
KaroulSahil,"iPhone 15 Pro leaked in weibo #iPhone15 #iPhone15Pro. Image. 12:15 PM · Sep 7, 2023 · 18. Reposts · 128. Likes. 1. Bookmark. 1."
RobertBentley76,Log in · Sign up. Conversation. Robert Bentley · @RobertBentley76. Extremely useful video for #iPhone15Pro users! Quote. Aaron Zollo.
appleinsider,#Apple #iPhone15Pro https://appleinsider.com/articles/23/07/10/iphone-15-and-iphone-15-pro-what-the-rumors-say-is-landing-this-fall… Image.
appletalkwmila,I love this!! #Apple #iPhone #iPhone15Pro. Quote. Hexagon profile picture · Basic Apple Guy · @BasicAppleGuy. ·. Nov 6. Nightstand setup.
4RMD3,... an iPhone 15 Pro with different Color accent options? Concept: @4RMD3 · #iPhone15Pro #iPhone15ProMax #iPhone15Series #iphone15 #apple. Image.
9techeleven,"#iPhone15Pro & Pro Max (no Ultra): • iPhone 15 Pro Max Starting Price $1,199 (256GB) • iPhone 15 Pro Starting Price $999 (128GB) • Pre-Order ..."
Smartprix,"iPhone 15 Pro Serie all specs #AppleEvent #iPhone15Pro #iPhone15ProMax. Image. 6:21 PM · Sep 12, 2023. ·. 3,407. Views."
JMarcus93,"Log in · Sign up. Conversation. Jake · @JMarcus93. What do you use the Action Button for? #iPhone15Pro #Apple. Image. 2:07 PM · Dec 1, 2023 · 3."
sshaawntv,The 48MP sensors on the #iPhone15Pro and #iPhone15ProMax are larger than the sensors on the non-Pro models and is capable of shooting 48MP RAW ...
aaple_lab,"... Blue, Titan Gray, Silk White and Space Black made by. @aaple_lab. | render based on leaks #iPhone15Pro #aaple_lab #render. Image."
marc_saltzman,"Your first look at #iPhone15ProMax from #AppleEvent . Forgive the audio, it's LOUD here. I cover the five things you need to know: USB-C, ..."
JasonRich7,"#iphone15promax #Apple #iPhone #smartphone #smartphonephotography #iphonephotography #iPhonereview #CBS · cbsnews.com · 10:44 PM · Oct 23, 2023."
Vyyyper,In an absolute SHOCKER……The #iPhone15ProMax is MY 2023 Smartphone of the year!!!! I explain why in tonight's video which is NOW LIVE on the ...
AR72014,"#iPhone15ProMax #Apple #iPhone iPhone 15 Pro Max Natural Titanium will be mine. Image. 8:13 PM · Sep 12, 2023."
HowieCombrink,"Howie Combrink · @HowieCombrink. The sky was crazy last night. #iPhone15ProMax , it's such a nice camera. Image. 5:41 AM · Nov 26, 2023 · 1."
ishanagarwal24,"Guys, I'm pre-ordering the iPhone 15 Pro Max tomorrow and the confusion regarding which colour option I should choose is real!"
stufflistings,"The #iPhone15ProMax has a very good camera (will post the samples soon), but it gets HOT, like really hot. Compared to the 14 Pro Max, this ..."
AR72014,#Apple #iPhone #iPhone15ProMax #iPhone15Pro #case #magsafe #benks —— N E W —— These are the new MagClap Lucid Armor Phone Case White and ...
TechNickBrazer,#iPhone #iPhone15ProMax #iPhone15ProMaxSpeedTest #iPhone15ProMaxBenchmark #Pixel #Pixel8Pro #GooglePixel8Pro #Pixel8ProSpeedTest ...
AbhishekVermaX,It looks like it was shot with a professional DSLR camera! And did I mention that the iPhone 15 Pro Max is half as light as the previous iPhone ...
Barnacules,Just received my Apple #iPhone15ProMax 512GB Natual Titanium Honestly didn't think would happen given my current financial situation & ...
AR72014,#Apple #iPhone15ProMax This is my new iPhone 15 Pro Max Natural Titanium! First impressions: 1) https://instagram.com/p/Cxr-xwsAXou/?igshid ...
roobinam,... when you've got hundreds of Apple enthusiasts giving you company. #Apple #iPhone15 #iPhone15ProMax. Image. Embedded video. 0:09.
AR72014,#Apple #iPhone #iPhone15ProMax #case #magsafe iPhone 15 Pro Max Natural Titanium with Apple MagSafe silicone case Clay color.
SuperSaf,"Hands-On with the #iPhone15ProMax #AppleEvent. Embedded video. 0:14. 11:11 PM · Sep 12, 2023 from Cupertino, CA."
SuperSaf,"#iPhone15ProMax has 5x Telephoto Camera! #AppleEvent. Translate post. Image. 6:14 PM · Sep 12, 2023 from Cupertino, CA."
lightandalchemy,#apple #iphone15promax #xr #stopmotion · youtube.com. Fuzzy Feelings: Behind the Scenes | Apple. Shrunken snowplow. Minuscule suit buttons. Tiny ...
jasonhiner,"My review of the #iPhone15Pro and #iPhone15ProMax is live on. @ZDNET . After spending a couple weeks with both devices, it's impressive to ..."
PrimeComms,Learn how everyone can get the new iPhone 15 Plus for less than $3 per month with eligible trade-in! Want to skip the line?
SuperSaf,"Safwan AhmedMia · @SuperSaf · #iPhone15 and #iPhone15Plus start at the same price! #AppleEvent. Image. 5:53 PM · Sep 12, 2023 from Cupertino, CA."
stufflistings,"Comparing the iPhone 15 Plus with the last-gen flagship, the #iPhone14ProMax This time around, the #iPhone15Plus looks like a solid choice if: 1 ..."
mysmartprice,#iPhone15Plus review: ✓ Pro performance ✓ Insane battery life ✓ Dynamic Island goodness ❌ Slow charging Should you consider buying iPhone 15 ...
iMore,The iPhone 15 Plus is an absolute stunner of a smartphone — but just how good is it? Here's the iMore review: https://trib.al/2hKsqgE ...
theunlockr,"Come join me to get coffee, explore a cemetery, and a sailor themed dive bar in Sunset Park, Brooklyn while we test out the @Apple iPhone 15 ..."
noahhermanyt,"i'm definitely enjoying the iPhone 15 Plus battery life so far #iPhone15Plus. Image. 9:52 PM · Oct 16, 2023 · 84. Reposts · 4. Quotes."
chargerlab,"With the largest battery in the entire series and a 60Hz display, the #iPhone 15 Plus has the best battery life in the entire iPhone 15 ..."
noahhermanyt,"i switched to iPhone 15 Plus for a week: https://youtu.be/2k9pZqd9c_E?si=aaVDAozn_DbdKpzs… #iphone15plus. Image. 5:17 PM · Oct 22, 2023. ·. 2,267. Views. 4."
iBeckTech,#iPhone15Plus. The screen is amazing and the battery life is much better than my previous #iPhone12Mini. It's been an excellent upgrade and ...
anjileeistwal,"@anjileeistwal. Every time a new iPhone comes out....I feel older & poorer #iphone15plus · 3:13 AM · Sep 13, 2023 · 3. Reposts · 70. Likes."
AmreliaRuhez,"... 48MP Camera New Rear Glass Color With Matte Bigger Battery Apple A16 Bionic Chip #iPhone15 #iphone15plus #AppleEvent. Image. 6:00 PM · Sep 12, 2023 · 88."
asbytofficial,iPhone 15 Plus Unboxing! (Pink) Is this the best value for money iPhone this year? #iphone15plus #apple.
QS2Point,"... leap-from-older-iphones/… #Apple #iPhone14 #iPhone15Plus #Apple #Review #Smartphone #Features #technology · cnet.com · 12:36 PM · Nov 28, 2023."
AmreliaRuhez,"#iPhone15 & #iPhone15Plus With 60Hz Display again #AppleEvent · 6:12 PM · Sep 12, 2023. ·. 33.8K. Views."
onica71,"Log in · Sign up. Conversation. (◕‿◕✿) Sonya161 · @onica71. Screen Saver #Iphone15Plus BLK. Image. 8:10 AM · Nov 29, 2023 · 1. Like."
_arorarohit_,... any country so please don't bring pricing in the comments. #iPhone15 #iPhone15Pro #iPhone15ProMax #iPhone15Plus. Quote. Gauraang Arora.
StyleListings,"Unboxing the iPhone 15 Plus #iPhone15 #iPhone15Plus · Embedded video. 0:30. 10:13 AM · Sep 22, 2023. ·. 35.4K. Views."
palmerdebra,"Yeh... I have moved over to the dark side #iphone15 #iphone15plus. Image. 4:22 AM · Dec 2, 2023 from East Region, Singapore."
noahhermanyt,iPhone 15 Pro Max review - back to square one. https://t.co/uXkHQ6JChU.
theapplehub,My iPhone 15 Pro Max has major overheating issues after a few mins of use Things are not looking good so far…
BenBajarin,"From the few minutes I held iPhone 15 Pro/Max, I meant to mention that the brushed titanium feels great in the hand. Not slippery, slightly ..."
billyquachfilms,Okay the iphone 15 Pro Max is pretty lit.
techradar,"Why the Apple iPhone 15 Pro Max won our Phone of the Year Award. techradar.com. 8:41 PM · Oct 23, 2023."
theapplehub,iPhone 15 Plus vs iPhone 15 Pro Max The iPhone 15 Plus is a pretty great value this year.
theapplehub,"The iPhone 15 Pro starts at the same $999 price, however, the iPhone 15 Pro Max will start at a higher $1199 price with 256GB base storage ..."
andres_vidoza,"iPhone 15 Pro Max Heating issues     On my end, there has been none of it. Weird because most people seem to be claiming that their phones ..."
theapplehub,Not impressed with the iPhone 15 Pro Max battery life so far. I usually have to charge it twice a day.. Definitely an upgrade coming from an ...
ianzelbo,Jeeez my iPhone 15 Pro Max is almost too hot to touch while fast charging rn…
danpallotta,"Just got the new iPhone 15 Pro Max. Unbelievably easy set up from my previous iPhone, including the new digital SIM. Apple just keeps ..."
noahhermanyt,the 5x on the iPhone 15 Pro Max is so great. especially when Apple lets you use it instead of defaulting to the 1x :D.
markgurman,"NEW: A look at the complaints about the iPhone 15 Pro and iPhone 15 Pro max overheating for some customers during calls, charging and gaming ..."
